{
  "$schema": "https://ui.shadcn.com/schema.json",
  "style": "new-york",
  "rsc": false,
  "tsx": true,
  "tailwind": {
    "config": "tailwind.config.js",
    "css": "src/index.css",
    "baseColor": "slate",
    "cssVariables": true,
    "prefix": ""
  },
  "aliases": {
    "components": "@/components/components",
    "utils": "@/components/lib/utils",
    "ui": "@/components/components/ui",
    "lib": "@/components/lib",
    "hooks": "@/components/hooks"
  },
  "iconLibrary": "lucide"
}